x1,x2,x3,x4,x5,x6,x7,x8,x9,x10,x11,x12,x13,x14,x15,x16,x17,x18,x19,x20,x21,x22,x23,x24,x25,x26,x27,x28,x29,x30,x31,x32,x33,x34,x35,x36,x37,x38,x39,x40,x41,x42,x43,x44,x45,x46,x47,x48,x49,x50,x51,x52,x53,x54,x55,x56,x57,x58,x59,x60,x61,x62,x63,x64,x65,x66,x67,x68,x69,x70,x71,x72,x73,x74,x75,x76,x77,x78,x79,x80,x81,x82,x83,x84,x85,x86,x87,x88,x89,x90,x91,x92,x93,x94,x95,x96,x97,x98,x99,x100,x101
0.022808168087792693,0.025643127149802283,0.028632617035698735,0.031764294056694564,0.03502548051950817,0.03840381368803121,0.04188790021003766,0.04546795664290218,0.04913642115335679,0.05288852676972977,0.05672283236392475,0.06064171351479929,0.06465182131046145,0.06876452283541996,0.07299634251891406,0.0773694287643287,0.0819120755200401,0.08665933398654749,0.09165375589617836,0.09694631728964075,0.10259758113615398,0.10867916937362151,0.11527563110198713,0.12248681520021498,0.13043088447631654,0.1392481471762033,0.14910593377116607,0.16020481722498955,0.17278657008240758,0.18714438105275055,0.20363603043612785,0.2227009664165771,0.24488255959589436,0.27085727954109795,0.30147319018766816,0.33780108187680147,0.3812028660318109,0.4334237309982413,0.49671725880366013,0.5740166307713302,0.6691708098452073,0.7872731055775626,0.9351222356559722,1.1218751281710222,1.3596047598556027,1.6575915787488056,2.0178274428350464,2.434095553492511,2.8876449730924563,3.3435514875929475,3.750497725878357,4.066754739739859,4.28432737235122,4.409761209828313,4.459307487344991,4.45514511213264,4.42198507672384,4.374389386378738,4.301703701822943,4.1907611500225865,4.030706368704077,3.814272570610532,3.539085651498565,3.210783849775308,2.8533071115366586,2.4930069280765546,2.149607225898425,1.8360248132383554,1.559211136258702,1.3214001964806403,1.1197528126242453,0.9488770810836467,0.8040772078042173,0.6813739829945706,0.5773954294385732,0.4892841380167744,0.41461874394744663,0.35134738585509745,0.29773131907142497,0.25229713361968537,0.2137962637966179,0.18117067664468545,0.15352379640795422,0.13009586595371547,0.11024306807312777,0.09341983289845797,0.07916384523140023,0.06708333977253918,0.05684633511527495,0.048171510646239014,0.0408204756425395,0.034591218114793716,0.029312553365210943,0.024839419702912164,0.021048892039193474,0.017836803813322494,0.015114884416840123,0.012808333450626265,0.010853765153483606,0.00919746651358572,0.007793921194377398
0.06748072512566997,0.06537488446169054,0.06364582657174819,0.062266802116395285,0.061216804788023,0.060480037238607266,0.06004551430887189,0.059906789584513426,0.060061795733908824,0.06051279308188531,0.06126642462579833,0.06233387937133858,0.063731169619418,0.0654795318391672,0.06760596519687943,0.07014392688153812,0.07313420931379784,0.07662603143626857,0.08067838491346009,0.08536168666246867,0.09075980224853508,0.09697252102114155,0.10411858434227825,0.11233939403108321,0.12180356071733282,0.13271249309945896,0.14530728165872228,0.15987719746821652,0.17677021263594406,0.1964060592452669,0.2192924857742416,0.246045553600436,0.27741505416564094,0.3143164366991237,0.3578710396966582,0.40945694678272415,0.47077347947622616,0.5439232498359515,0.6315168977702762,0.7368072291958604,0.8638615852145823,1.0177840896535613,1.2050031887126456,1.4336449483115878,1.7136459018097732,2.050532882490572,2.4409857924732274,2.8725799800627048,3.320801169092977,3.747425305486107,4.102463626922468,4.350173614025961,4.48958393862692,4.533447250381502,4.502557973178831,4.421642698043171,4.31602338488585,4.20015703378045,4.065098569560958,3.9002466617696108,3.697601748410802,3.4526049280650075,3.1649288990141016,2.840738873001606,2.5007788160221605,2.166781261356491,1.8542692120700663,1.5727892646585875,1.3268762558748,1.1172470066895865,0.9406518741804082,0.7919698536681349,0.6667889219543865,0.5613944323534817,0.47265888544418233,0.39794912295936125,0.3350481908645435,0.2820895529730001,0.2375017029376474,0.19996153102373648,0.16835506185761584,0.14174439807483338,0.11933988894607149,0.10047669810655682,0.08459507505456325,0.07122374499108056,0.05996592410707758,0.05048754533289578,0.042507345158053794,0.03578851735555917,0.03013168594149391,0.025368988847921412,0.021359096746713664,0.01798301921177493,0.015140573770790353,0.012747413068359774,0.010732521923897136,0.009036110011437328,0.007607837628264454,0.006405321903427115,0.005392879119041177
0.025128492395629292,0.027713809442171645,0.030410859742679153,0.033213428274044325,0.03611612149773983,0.03911476761142773,0.042206808063209686,0.04539167691335374,0.04867116758574149,0.05204978965144523,0.05553512144884714,0.059138167529320565,0.06287373313296357,0.06676083120346855,0.07082314095828929,0.07508954091097596,0.07959474373149034,0.08438006573638958,0.08949437052102341,0.09499523479024595,0.1009503954692032,0.10743955153474664,0.11455661282186044,0.12241251281527779,0.13113873512769306,0.1408917466876519,0.15185858828533447,0.164263950093346,0.1783791630567196,0.19453367631455495,0.2131297796222043,0.2346615871604698,0.25973965216745215,0.28912306903835944,0.3237615962086439,0.3648512791750575,0.41390838468819663,0.47286834485338286,0.5442191051125275,0.6311821468940687,0.7379600746754815,0.8700778650321763,1.0348569612831344,1.2420793412009938,1.504511210599288,1.8314605241763557,2.2237052965535296,2.672492621444747,3.1549864394776934,3.6307994298043815,4.042655590965574,4.3457047619488565,4.533454836278153,4.615814113149953,4.613086623638007,4.551279752227704,4.458052995448452,4.34999331333771,4.218737530261551,4.053997629448615,3.8481150969569455,3.5969359734112882,3.300608126608419,2.9658544109511515,2.614189306356863,2.268114450145472,1.943774270224861,1.6511701550517242,1.3951315955236898,1.1765296591471945,0.9920916340771665,0.8365669345890789,0.7054229790968414,0.5948377336743462,0.5015883234422648,0.42295710572954265,0.35665246762408526,0.3007420396518579,0.25359637917685823,0.21384148224192426,0.18031873986470584,0.15205117176287897,0.12821495343085976,0.10811540675867948,0.09116675446829224,0.07687504833453951,0.0648237736541691,0.05466171042235246,0.046092697445190324,0.038867001075492895,0.03277403702394941,0.02763623313156751,0.023303854241216497,0.019650638345337382,0.016570116830557688,0.013972511577135563,0.011782118482903697,0.009935101157643083,0.00837763048774526,0.0070643158509972204,0.005956882261117942
0.02052479080075982,0.023242937339620722,0.02612963123124124,0.029173586668776796,0.032362713263507814,0.03568476645337735,0.03912802296169928,0.04268195876971304,0.04633791082689937,0.05008970870745977,0.053934268233539764,0.05787214535115964,0.061908054949283975,0.06605136563193639,0.07031658757458205,0.07472387652683993,0.07929958289744153,0.08407688093553604,0.08909651969743825,0.09440774529208507,0.10006945352421928,0.10615164438846168,0.11273726605040073,0.11992455746378726,0.12783002756975564,0.1365922477208542,0.14637668612105306,0.15738188355138039,0.1698473652292203,0.18406381380395076,0.20038620659133852,0.2192508651945008,0.2411977048465537,0.2668994433462932,0.29720019227285277,0.3331667895339897,0.3761575649652208,0.4279151419734273,0.49069264110658634,0.5674266780899119,0.6619764668454446,0.7794571111648084,0.9267082907411495,1.1129593544043617,1.350408797360704,1.648569777695126,2.0097837098209377,2.428261567281231,2.8856922389156323,3.347473914920864,3.7623032375647405,4.08781797457161,4.314794655484091,4.44847601756963,4.503981739486031,4.502647437107636,4.468623741265875,4.416411150851903,4.336169027639581,4.215784633504045,4.045578664649848,3.819507933214267,3.536333596484737,3.2024872571003886,2.8417816570313468,2.4800239725502404,2.1363807417366587,1.8232858470137525,1.5473192397670517,1.3104585781479505,1.1097514716272328,0.9397842475260354,0.7958488494753194,0.6739582972140032,0.5707362480740565,0.4833234729985355,0.40929865649790437,0.3466113267201014,0.29352505781138327,0.24856937128529014,0.21049900407776448,0.1782594150221149,0.15095757428043471,0.12783722660486582,0.10825794322625061,0.09167738211188646,0.07763626520525693,0.06574565652043748,0.05567618869706603,0.04714893959371589,0.039927706203226845,0.033812461879072234,0.028633815639309564,0.02424832007199781,0.020534497872049275,0.017389476945420996,0.014726140873740813,0.012470715807835906,0.010560726947623094,0.008943268003282849,0.007573535702155848
0.025791355074786942,0.02844178676330978,0.031199571015411435,0.03405670863659321,0.03700601353522211,0.040041541155810254,0.043159001785400206,0.04635615403157764,0.04963317707453035,0.05299302371519621,0.056441759665986226,0.05998889789781533,0.06364774015731776,0.06743574104689344,0.07137491342148213,0.07549229746304625,0.0798205198724961,0.08439847446517025,0.08927216144765984,0.09449573027006143,0.1001327808000999,0.10625799044118878,0.1129591517430574,0.12033972738775865,0.12852205898859997,0.1376514053612054,0.14790103814486416,0.15947869243603002,0.17263476375395193,0.1876727689624985,0.20496275999508612,0.22495861265042214,0.24822043282899073,0.2754437642792439,0.30749789534208277,0.3454764197678316,0.39076441387179167,0.4451283036568887,0.5108369393080834,0.590825910250798,0.6889222309628986,0.8101539755256744,0.9611804101345838,1.1508944692318086,1.3909090514948574,1.6899388446540742,2.0494658826177163,2.4629678438705094,2.911897143639946,3.3623541456756985,3.7649765614635737,4.07958240427987,4.297918574756741,4.425446361920972,4.47692467851577,4.472946324811613,4.436731193862526,4.3821604463313975,4.299674321890534,4.177584113921476,4.006613274206644,3.78105029821866,3.4998587429576147,3.1694408405366064,2.8130889852235184,2.455996756258804,2.11686585930718,1.8078310973187135,1.5353205523248619,1.3012730209544896,1.1028014001489759,0.9346008935761043,0.7920545169377323,0.6712494735597854,0.5688697509059352,0.48210509839149723,0.4085738880032444,0.34625774030402134,0.29344612135246156,0.24868938976265687,0.21075900507895357,0.17861380521405892,0.15137142729011518,0.12828408740514896,0.10871805449671254,0.09213625487486415,0.07808352993129238,0.06617414235918087,0.05608118793843391,0.04752762224729608,0.04027865598998143,0.03413531019746237,0.02892895439626402,0.024516677821880085,0.020777366619911166,0.01760837935688516,0.014922729585897129,0.01264669813049744,0.010717809545720073,0.009083117211544443,0.007697749985826233
0.026018841766454005,0.0287432594078857,0.031577810332429,0.034513108711612527,0.03754052518780068,0.040652656731325267,0.04384377828234142,0.047110269763336966,0.050451015769411765,0.05386777910285228,0.05736555316975057,0.060952902007754814,0.06464230033447117,0.06845048952801816,0.07239886897345807,0.07651394589614827,0.08082787088747577,0.08537909111696058,0.09021315910672699,0.09538374241335687,0.10095388924304623,0.10699761771983753,0.11360191327544664,0.12086924080452391,0.12892070766328365,0.137900052753816,0.14797868919878285,0.1593620980962729,0.17229796495089203,0.18708657751659172,0.20409417645233233,0.22377018601007265,0.24666957597528233,0.2734820540393799,0.3050704111827016,0.34252121607910097,0.3872122868485911,0.44090311967945905,0.5058569608570801,0.585006825166605,0.682183021326717,0.8024274505178011,0.9524313302296936,1.1411499639590268,1.3803059586252906,1.6787389383731903,2.0380169052050205,2.451617725986696,2.9008255477032954,3.3513354023363005,3.753156166423225,4.065779468012115,4.281375983616962,4.406126364422249,4.455600249206201,4.4511563014023245,4.416673825139287,4.366286079464998,4.289842963109118,4.174859588570743,4.011183682142907,3.79220972916215,3.516091701917437,3.1886971430275426,2.833506125967413,2.476210827273726,2.1360009263661883,1.8254224544432007,1.5512123388635792,1.3155161607051822,1.1155271155504602,0.9459410554570985,0.8021360197575704,0.6801926932768572,0.5767875878794915,0.48910246290521464,0.4147475158046006,0.351696249584053,0.29823024191364306,0.25289231061479844,0.2144467990828734,0.18184589924893987,0.15420109423445624,0.13075894238644603,0.11088054270240967,0.094024121988121,0.07973026917232919,0.06760941434896031,0.057331211296045695,0.04861553409865297,0.041224842494480905,0.03495770786444673,0.029643323423239405,0.025136848988559436,0.02131546345367887,0.01807501737596097,0.015327194449760105,0.01299710450144268,0.011021242405133403,0.00934575729072794,0.007924984872532364
0.023360016451992666,0.026180042540213316,0.029145982969448085,0.03224581650437356,0.03546741361909268,0.038799156876546295,0.042230560091024,0.04575286941754132,0.04935963394807198,0.05304723851647858,0.056815396894963496,0.0606676091309536,0.06461159222646642,0.06865969859504485,0.072829341737778,0.07714345345615407,0.08163100186436327,0.08632760478069905,0.09127627917801703,0.09652837478848587,0.10214474936316294,0.10819725533930317,0.11477062386884589,0.1219648537435372,0.12989824161392954,0.13871122858928217,0.14857129028969038,0.15967916746364813,0.17227682899047925,0.18665768769227387,0.2031797648868035,0.22228274045812094,0.24451015772445117,0.27053851437817383,0.30121561702978855,0.33761148726584345,0.3810863989368269,0.4333824732566928,0.4967479192413832,0.5741068715660339,0.6692934367313433,0.7873769147737256,0.9351176111098362,1.1216113605595215,1.358836811765043,1.6559779836424928,2.014963596418115,2.4295680066456695,2.8811372306151157,3.334998759993772,3.740252832927706,4.055528725097071,4.272898915307726,4.398831690255292,4.449412134016908,4.446614313565329,4.414947490695669,4.3688534444485425,4.297698531895614,4.18833507886876,4.0299007588997835,3.815093671334956,3.5414771464012333,3.2146019176027596,2.8583050349415684,2.49887663364413,2.1560322046584854,1.842719262989842,1.5659429340384718,1.3279993368432863,1.1261033198598485,0.9549015965728733,0.8097277070907738,0.6866246343954507,0.5822369475938347,0.4937193426534473,0.4186590877090765,0.35501025902569505,0.3010379750816973,0.2552711087561257,0.21646218869196623,0.18355339686356886,0.15564773554100772,0.13198457774687897,0.11191893478226929,0.09490387571508553,0.08047561963725276,0.06824089434916863,0.05786621690600465,0.04906880384479561,0.04160886333160623,0.035283059135176216,0.02991896827401954,0.02537038126859453,0.02151331689711972,0.018242642828896496,0.015469210023455018,0.013117422787597085,0.011123178257175174,0.009432119139887785,0.007998152093952937
0.02285520264490103,0.025674497573598125,0.028646467172864964,0.03175918328986779,0.03500044931972875,0.038358432504103465,0.04182230079980283,0.045382846074918846,0.0490330797244018,0.0527687919361603,0.05658907143768989,0.06049678831451087,0.06449904819097631,0.06860763156902733,0.07283943740240006,0.077216955121159,0.08176879450107934,0.08653030829087346,0.09154434877767224,0.09686220702240535,0.10254479301484372,0.1086641273510135,0.11530523133943549,0.12256852414829437,0.13057286463360013,0.1394594144147162,0.14939655109039793,0.16058613102698055,0.17327149657328655,0.18774775219258855,0.2043750109881906,0.22359555606965445,0.24595619677227015,0.27213756617204116,0.3029927590554677,0.3395986293579207,0.3833243718982425,0.43592388097737683,0.4996610707249508,0.5774812541867121,0.6732474096985301,0.7920686317264709,0.9407606856790488,1.128497568916898,1.367365312347439,1.6666232672798484,2.0281900099229513,2.4457278023178404,2.9003195546843163,3.3568489236620525,3.763821081251332,4.079419969643532,4.2956656459211855,4.419160208180079,4.4662277078445705,4.459112535285848,4.422561015978298,4.371207878181723,4.294670273703824,4.180119587834169,4.017055918761553,3.798543587417011,3.5224609973009136,3.194528181152737,2.838380007215711,2.4799460390740773,2.138599357952776,1.8270051612695082,1.5519613085713206,1.31562959496199,1.1151804124749864,0.9452716457049688,0.8012501602235785,0.6791717726596098,0.5756932349927825,0.48798067610880896,0.41363199318921273,0.35061106754057453,0.29719200329290985,0.25191186188391423,0.21353059791206777,0.18099709915881756,0.15342040074929916,0.13004528512040972,0.11023159957510358,0.09343672501187013,0.0792007157166905,0.06713370325468002,0.05690521950343505,0.048235146427862,0.04088604474633198,0.034656651400428964,0.029376367749502322,0.024900587543299657,0.021106736724183173,0.017890916604650847,0.015165058489966968,0.012854511822179903,0.010895999794256171,0.009235886446623322,0.007828707788695724
0.023097996840527515,0.025912725369465293,0.02887625977553805,0.03197670284248461,0.03520198349593232,0.03854048022426988,0.041981645914130394,0.04551661676130699,0.049138792292589856,0.052844378642319285,0.056632892737274745,0.060507630673181635,0.06447610910807357,0.06855049383577917,0.07274803482186604,0.07709153197413773,0.08160986097442294,0.08633859391903718,0.09132075571310203,0.09660776467292197,0.10226061529073711,0.10835137347144981,0.11496507087219342,0.12220210670928809,0.1301812944579797,0.13904372982959565,0.148957708764743,0.16012499473496955,0.17278883006362736,0.18724421557652698,0.20385115979507892,0.22305184169617476,0.24539296635269298,0.2715550587373245,0.3023910929341271,0.3389777726292959,0.3826840825783125,0.4352635952661908,0.4989797040669484,0.5767768578084549,0.6725165892929501,0.7913055761143075,0.9399555567206076,1.1276338447373362,1.3664163056932008,1.6655621441040622,2.0270084758041036,2.444454282934358,2.8990427455620833,3.355740559229085,3.7631438940958333,4.079453675103637,4.296586903078861,4.421005190700285,4.468890316967428,4.462364366182744,4.4260795138435265,4.374636720221424,4.297721096282764,4.182593513650646,4.0188521918817335,3.7996631405595935,3.522999582233895,3.1946491494117377,2.8382406753801535,2.4796657435793708,2.138259279684719,1.8266541079573926,1.5516237848854686,1.3153138262130266,1.1148877733544924,0.9450024187414178,0.8010040048606571,0.678947908575011,0.575490584018455,0.4877979711124076,0.4134678606900553,0.3504640895363957,0.2970607627146314,0.25179497523221783,0.21342673792667297,0.18090500980018112,0.15333890630914096,0.12997329490241635,0.11016810928423487,0.09338081574661593,0.0791515512624965,0.06709052621963897,0.05686734671188672,0.048201963887761226,0.040857002427218576,0.03463125799655621,0.029354185553883402,0.024881227520452843,0.02108985384003068,0.017876205449599978,0.015152249214252648,0.012843366389926864,0.01088630855350138,0.009227465005980573,0.007821394186848624
0.022880643247625846,0.025709214898699075,0.02869013511519275,0.03181103978111358,0.035059274598256786,0.03842254032472721,0.04188954179139662,0.04545062170997082,0.049098364760452685,0.05282816274799435,0.05663873738718561,0.060532623192122464,0.064516618786162,0.06860222055427839,0.07280605790925655,0.07715035460684037,0.08166344571186501,0.08638038528647429,0.09134368605607021,0.09660423974739202,0.10222247617151978,0.1082698313122694,0.11483061079238215,0.12200435657447269,0.12990885352522433,0.13868395109720244,0.14849642735311003,0.15954619266824938,0.1720742253532076,0.18637276044810358,0.20279842916871485,0.22178928854878235,0.24388701532372184,0.2697660033207778,0.30027175504059267,0.3364718767292177,0.3797242911724122,0.4317691502525341,0.49485362374364983,0.5719026591062978,0.6667545524301334,0.7844886671969621,0.931885313130647,1.118076878753155,1.3551051847397164,1.6522444565858618,2.0115285188832224,2.4268331429178684,2.879563837991092,3.335015164816525,3.742117845143318,4.059249854406117,4.2782809355044105,4.405534401190245,4.457016751993322,4.454683960175512,4.42307017781442,4.3766585673563565,4.304854328602952,4.1945611478487805,4.034987559965171,3.8189220471963767,3.5440319867180485,3.2159725426931867,2.858655468877263,2.4984060882296926,2.1549439673784607,1.8411988078859767,1.5641454973589326,1.3260454243747029,1.1240822498639726,0.9528790501691009,0.8077509313584883,0.6847265316565806,0.5804393470223919,0.4920356083715411,0.4170961895459043,0.3535704090797165,0.29971991427900496,0.2540711120289493,0.2153748446208892,0.18257220714721323,0.15476557107343855,0.13119402106134373,0.11121253288353788,0.09427432264301787,0.07991588429252844,0.06774430601257461,0.05742651836681759,0.04868018001575369,0.041265951580576554,0.034980946235190796,0.029653177804950356,0.025136854446990757,0.021308389125961273,0.018063017713727498,0.015311932168955739,0.012979850347404627,0.011002955941941714,0.009327152179725847,0.007906581489811217
0.022774405064991402,0.025609482204641185,0.028599295194545994,0.031731426320768766,0.034993110081030655,0.03837188481567731,0.04185624999541642,0.04543630958458456,0.04910438635515685,0.052855597356746234,0.05668838658045715,0.06060501686540447,0.06461202903792175,0.06872068199264457,0.07294739287848502,0.07731420181049396,0.08184929077321865,0.08658759190911593,0.09157152660941617,0.09685192428416997,0.1024891790703302,0.10855471491394914,0.11513284555248689,0.12232313737708125,0.13024341188901625,0.13903356304904496,0.14886041674405992,0.15992392966022473,0.17246511971027986,0.18677624912442126,0.20321395749696503,0.22221628410425173,0.2443248532819267,0.2702139618683395,0.3007289591928586,0.3369372288553725,0.38019638681569073,0.432246178795075,0.49533325569779774,0.572381926363575,0.6672297364959965,0.7849552264743568,0.9323379092467353,1.1185096134448922,1.3555118184990707,1.6526119591367683,2.0118279217678103,2.4270127460938604,2.879542527155466,3.3346793396343153,3.741328299375727,4.0578921898827085,4.276333654729918,4.403083846244373,4.454249329768315,4.451867060245637,4.4205324247879965,4.374735005988049,4.303773855788701,4.1944201415824125,4.035742863703378,3.8203960690549468,3.5459361479847233,3.2179635032244525,2.8604659626259705,2.4998856749943767,2.1560385139077316,1.8419218240438575,1.5645501731646547,1.3262019338230886,1.1240564422120465,0.9527228494050372,0.8075046711997979,0.6844212820304445,0.5800988006672407,0.49167760759461915,0.41673395899440996,0.35321354866813576,0.2993751967413124,0.2537431215814085,0.2150664866385457,0.18228511333343939,0.15450042013672616,0.13095079124075645,0.11099069964602587,0.09407301239795979,0.07973399293679982,0.06758058945482989,0.05727966081771862,0.048548844717991785,0.0411488177444406,0.034876735205558736,0.029560670883746122,0.02505490430646393,0.021235926352105628,0.0179990536988684,0.01525555931411609,0.012930240327087084,0.010959356617067843,0.009288883610961191,0.00787303139708108
0.022883168742424482,0.025715784980421937,0.028701895782734223,0.03182925752999874,0.03508532577880183,0.03845789878207903,0.041935765668682234,0.045509340355408434,0.04917126668804007,0.05291698556601595,0.05674526053890823,0.06065866426093019,0.06466403401575821,0.0687729101366286,0.07300197651049709,0.07737352754532476,0.08191599118179861,0.08666454304295149,0.0916618530492092,0.09695901332066738,0.10261670562833457,0.10870667891252157,0.11531362357631983,0.12253755083668999,0.13049681429370052,0.1393319496327085,0.14921056050223078,0.16033354891624127,0.17294308367937966,0.1873328296469656,0.2038611372402492,0.22296813417180533,0.24519799641462148,0.2712281413657256,0.3019077383964358,0.33830885152305906,0.3817948348392828,0.4341124700395295,0.4975170302881828,0.57494337250298,0.6702419029969515,0.7885067514228229,0.9365361494390481,1.1234840637175842,1.361415932887376,1.6595955821320574,2.0199887620256667,2.436347106923877,2.8898891275499374,3.345671471312409,3.752380739539779,4.068313262656551,4.285499705724347,4.410506144276203,4.459596396212895,4.454953001828916,4.421281456912286,4.373144752409068,4.299925295443363,4.188503200533954,4.028071700575989,3.8114080692396435,3.5361700174878656,3.2080023537597393,2.8507955345758735,2.4908360461172383,2.147794855687496,1.8345516382239555,1.5580359470031595,1.3204723199972757,1.119024367243141,0.9483088100525231,0.8036371910638082,0.6810363122379481,0.5771391166860994,0.48909221729256663,0.41447753253963565,0.351245877374863,0.2976606852894718,0.25225031601563447,0.2137676390421118,0.18115578296760718,0.15351911004706326,0.13009861878854034,0.11025109906836461,0.09343146728974375,0.07917779644538053,0.06709862995627272,0.056862230879519374,0.0481874712300814,0.040836111204815034,0.03460625626876674,0.02932681241200917,0.024852787298619443,0.021061308260610423,0.017848247776743202,0.015125363759847727,0.012817876114753287,0.010862413010476695,0.00920527046398627,0.00780093743751134
0.022864175638288346,0.025696892989566938,0.02868322662586041,0.03181089540185839,0.03506731101499192,0.03844022313213949,0.04191836925925525,0.045492110314238554,0.049154037298823776,0.05289953974115793,0.05672733233588778,0.060639942129175284,0.06464416444413917,0.06875150137411956,0.07297860205102331,0.07734772909791758,0.08188728088486164,0.08663240472281462,0.09162574236492652,0.09691835667693562,0.10257089777521071,0.10865507918434653,0.11525555075424801,0.12247227665270023,0.13042355563400304,0.13924985955323982,0.14911871825014453,0.1602309492769359,0.1728286261645342,0.18720530834460908,0.2037192326214864,0.22281040887913925,0.24502289817827763,0.27103401791265463,0.30169287184739885,0.3380715238043399,0.3815334418247596,0.43382571167040856,0.4972042186535925,0.5746049227522803,0.6698801076910251,0.7881269950569586,0.9361488085799391,1.1231074793733773,1.3610808911038237,1.6593482464418223,2.019889495229391,2.4364649464316033,2.890288752526486,3.346392110832989,3.753410948876069,4.0695879055739,4.286926544546112,4.41198361077884,4.461027792928309,4.456255745737689,4.422390721657279,4.374012597684261,4.300520800547218,4.188815714386461,4.028113590875204,3.811215374883939,3.5357998858000803,3.2075248743058498,2.8502728023850397,2.4903130215573057,2.1472999361325495,1.8340994893258986,1.5576311428832352,1.3201128773357056,1.1187059449559469,0.9480272579460027,0.80338867050895,0.6808172977014766,0.5769463895425667,0.4889228542371109,0.4143288903929031,0.3511155756506341,0.2975465875613193,0.25215051085480356,0.21368042109115332,0.1810796345520184,0.15345268360129677,0.13004072027589134,0.11020067250052124,0.09338758039637367,0.07913962750316157,0.06706545575713804,0.0568334157970728,0.04816245732914708,0.040814409330318414,0.03458743804533122,0.02931050308379638,0.024838659339245363,0.02104907568482349,0.01783766108847031,0.01511620547483417,0.012809956800059476,0.010855567787337858,0.009199355924833433,0.007795828932179836
0.022777210443175683,0.025612167253612577,0.0286019284242832,0.03173411344827307,0.03499599690576209,0.03837515924497357,0.04186014326976079,0.045441096817032685,0.04911038655565792,0.05286317315852873,0.05669794392124054,0.060617004901614514,0.06462694058715127,0.06873905481103293,0.07296981208923412,0.07734130381129097,0.08188176896873468,0.0866262046447002,0.09161710772926385,0.09690539680754533,0.1025515725800518,0.1086271873909147,0.1152167105795203,0.12241989788902509,0.1303548019828915,0.13916159981379275,0.14900746465905274,0.1600927808933212,0.17265909468621307,0.18699932312475517,0.20347092092243058,0.2225129465590947,0.24466830508264864,0.2706129112970142,0.30119417032461165,0.3374820938336502,0.38083767910466987,0.4330050517780458,0.4962365763260572,0.5734640698197437,0.6685350201394789,0.7865412373980288,0.9342800913080509,1.1209076445884232,1.3584973022654239,1.656335781404612,2.016429225600282,2.4325817327387322,2.886068399751689,3.341991811054442,3.7490544449985856,4.065524465856972,4.283379724168496,4.409132944969963,4.459004233932168,4.455147657920443,4.422257559043367,4.374890180723632,4.3023957375868145,4.191611288115432,4.03168383500023,3.81534772166314,3.540228914672364,3.2119648138838395,2.854494858635477,2.494173037213082,2.1507284425943496,1.8370844249173697,1.5601991775085706,1.3223127673265187,1.1205898928870972,0.949640462580999,0.8047698929780686,0.681999773770897,0.5779586133650632,0.4897892515651753,0.4150703967400649,0.3517501327344452,0.2980895695054439,0.2526150900276249,0.21407788207933132,0.18141964357933,0.1537435196796954,0.13028947349444545,0.11041341409918103,0.09356950861849146,0.07929519265875949,0.0671984674454856,0.056947134821333456,0.0482596744782904,0.04089751289608463,0.03465847167779445,0.02937121536198549,0.024890546238160883,0.021093416952567848,0.017875551403236344,0.015148581127859686,0.01283761854449983,0.010879200401877549,0.009219544962638082,0.007813075058662933
0.022785532942233826,0.025620717078311886,0.028610697693953087,0.031743110222360225,0.03500524721670883,0.038384708527022506,0.04187005717392253,0.04545146144470839,0.04912130818032029,0.05287477753410277,0.056710375296492546,0.060630424871778665,0.06464152691775545,0.06875500036568079,0.07298732398451098,0.07736060290980068,0.08190308980722019,0.08664979587995375,0.09164323317132048,0.0969343370984744,0.10258362756812965,0.1086626792441655,0.11525598767913303,0.12246333954120239,0.13040282398544034,0.13921466090882162,0.14906607389137105,0.1601575058696881,0.17273057068436712,0.18707826291936389,0.20355812505676724,0.22260931356387847,0.24477484077730202,0.2707307357260867,0.30132451996311954,0.3376263152516944,0.3809972080192619,0.4331813678741002,0.4964311186628936,0.5736780888806335,0.6687693287474666,0.7867958007718258,0.9345533615241307,1.1211954885506652,1.358791299377886,1.6566212180800528,2.0166841339750956,2.4327777108322453,2.8861742258372343,3.341980518678911,3.748913108334869,4.065259867752263,4.283014649874419,4.408701270557811,4.458545536383315,4.454702631678357,4.4218651626450125,4.374583904197053,4.302196199524496,4.191524065764903,4.031698895777263,3.815440393552543,3.540363040927078,3.212099662689308,2.854600399527792,2.494234141000695,2.150741786653515,1.8370545485903218,1.560134807698325,1.3222239598554013,1.120485559750318,0.949527408160328,0.8046532068191727,0.6818831954506924,0.5778448259419388,0.48968011691089414,0.41496714365659226,0.3516535067848083,0.29799995186218586,0.25253259130502004,0.2140024160162309,0.18135098453675733,0.1536813471767388,0.13023340639912678,0.11036303659425037,0.09352438965602844,0.07925490028595616,0.06716257911373569,0.05691524457079045,0.048231397711324626,0.040872489308107766,0.03463636679658446,0.02935172105188026,0.024873380449139587,0.021078322932890088,0.01786229654516333,0.015136955576740803,0.012827433670295119,0.010870287207465619,0.009211752483774273,0.0078062687951835135
0.02282423176828575,0.02565880113514362,0.028647681463929858,0.03177854592049271,0.035038740449606164,0.03841593171840527,0.04189876034691885,0.04547748014508737,0.04914456851446294,0.05289529846819215,0.05672826850964257,0.06064589256984085,0.06465485809429503,0.0687665660431515,0.07299757198572017,0.07737005270291807,0.08191232794351642,0.08665947250941623,0.09165406008426921,0.09694708770812739,0.10259913922560991,0.10868185826906598,0.11527981750011249,0.1224928923762095,0.13043927655397397,0.13925931476275272,0.14912038108021103,0.16022310082472607,0.1728093094178467,0.18717227089350494,0.20366985538483004,0.22274161755994987,0.24493105326331427,0.27091477790937923,0.30154102306370817,0.33788076828526686,0.38129613304510246,0.4335325252661043,0.4968437429753134,0.5741631516481556,0.6693398163373833,0.7874669801934033,0.9353429797371476,1.1221238024221964,1.3598805212177278,1.657890311421264,2.018140662233823,2.43441012868313,2.88794427894287,3.343818514382087,3.75071993985315,4.066926394459446,4.2844465587145155,4.40982761955622,4.459320472124949,4.455102148911932,4.42188061362078,4.374216615027659,4.301461090885261,4.1904540839691,4.030347407370708,3.813880871398415,3.538685303562464,3.210400337417389,2.8529593328467127,2.4927049128067598,2.1493537376296015,1.8358174856751641,1.559044545006961,1.3212675584623796,1.1196476763351682,0.9487941417267722,0.8040121391772195,0.681323262354718,0.5773561930305099,0.48925406198318844,0.4145959462400715,0.3513303455099502,0.29771880983290466,0.2522881694140791,0.21379005398426257,0.18116658933608804,0.15352132842478663,0.13009461826091961,0.11024272571186175,0.09342014861833588,0.07916462616029937,0.06708443657806286,0.05684763320783574,0.048172923053055865,0.040821937247437975,0.03459268101290884,0.029313983126461416,0.024840792375063352,0.02105019175179878,0.01783802086894446,0.015116013776630204,0.012809373538354601,0.010854716916094083,0.009198332687835252,0.007794705738539331
0.02281743191916614,0.025652196966839052,0.028641358004146432,0.031772577686608544,0.035033188553440446,0.03841084150905371,0.041894159656029724,0.04547337815760609,0.04914095524877028,0.05289214481559287,0.05672552675573538,0.060643497300534824,0.06465272737718007,0.06876460277013599,0.0729956652642988,0.07736807918987072,0.08191015302482503,0.08665695124223761,0.09165103782970747,0.0969434003961167,0.10259461320474876,0.10867630970412087,0.11527305128817848,0.12248470055927059,0.13042943621171746,0.13924758537622825,0.1491065013663884,0.16020678505748573,0.17279024327727197,0.18715010693012143,0.20364420825993773,0.22271205934507166,0.2448971092779676,0.2708759238888525,0.3014966849425662,0.3378303266601155,0.3812389356023428,0.4334679123809389,0.4967710947105479,0.5740819691501596,0.6692498581790223,0.787368486228953,0.9352370342500461,1.1220129192608015,1.3597695487891133,1.6577870739800884,2.0180558323882543,2.4343562524400273,2.887933306019622,3.3438577178169067,3.7508070395163657,4.067049629073543,4.284590918312634,4.409978481798372,4.459466127616343,4.455235194766876,4.421998338088428,4.374319578579207,4.301550087851928,4.1905298452264255,4.0304107245676715,3.8139326811863294,3.5387267255798855,3.2104326720429226,2.852984027224659,2.492723403280326,2.1493673192296794,1.835827251619238,1.5590513748372918,1.321272134812011,1.119650528571238,0.9487956894725669,0.8040127141372114,0.6813231253755349,0.5773555480022757,0.4892530671482441,0.4145947233766268,0.35132898737589174,0.29771738618689825,0.25228673187483447,0.21378863994233754,0.18116522509423946,0.1535200317112212,0.130093400233706,0.11024159255127462,0.09341910278621855,0.07916366739098932,0.06708356265348003,0.05684684055953186,0.04817220722598571,0.04082129325363551,0.03459210359786891,0.029313466966633315,0.0248403322212772,0.021049782530527177,0.017837657750927778,0.015115692220468048,0.012809089315105538,0.010854466119664766,0.009198111734923095,0.007794511361074932
0.02280083959999642,0.02563592165348772,0.028625625124532744,0.03175759859098137,0.03501915367245217,0.03839791443725156,0.041882472349708044,0.04546302735418542,0.049132000134281234,0.05288460589267967,0.05671938580127433,0.060638698251996186,0.06464917795142709,0.06876217659712704,0.0729942043098275,0.07736739624379865,0.08191003404154004,0.08665715733541442,0.0916513067409627,0.0969434472740811,0.1025941305450729,0.10867496630994314,0.11527049011277238,0.12248053528671798,0.1304232464162258,0.13923891007521694,0.14909483074594965,0.16019155010065989,0.1727708029656812,0.18712573261829485,0.2036140647411345,0.2226751820419848,0.2448523769104055,0.27082202591047655,0.3014320830309017,0.33775320964306166,0.3811471675048952,0.43335897394014705,0.49664202001095126,0.5739292814441428,0.6690695132689106,0.7871558393414714,0.9349868594045592,1.1217195325934166,1.3594271791855028,1.6573914683295683,2.017606558040388,2.4338587474836078,2.887400589299388,3.3433109393466056,3.75027394355546,4.06655943478163,4.284169093102238,4.409645097209235,4.459235726850409,4.45511778149654,4.422001153646763,4.374447459990947,4.301801587951054,4.19089538089252,4.030871858053508,3.814462492697136,3.5392915998074326,3.2109964782038936,2.8535180196041736,2.493209696338433,2.149797546456692,1.8362003107277056,1.5593710182812284,1.3215448389116258,1.1198831307241142,0.9489940784100108,0.8041819151922982,0.6814674268630617,0.577478609133251,0.4893580101716086,0.4146842122490793,0.35140529492576467,0.2977824514517381,0.25234220904764515,0.21383594015232146,0.18120555206914926,0.1535544122157183,0.13012271004763032,0.11026657864023569,0.09344040222166204,0.07918182349551973,0.06709903877770483,0.05686003183731535,0.04818345060428458,0.040830876049772334,0.034600270800107955,0.029320427462331617,0.02484626410990887,0.02105483765584416,0.017841965566853905,0.015119363088531857,0.01281221731688208,0.010857131455459534,0.00920038276948419,0.007796446368203142
0.022804391228607983,0.025639383491818414,0.028628954638225897,0.03176075873908116,0.03502211441619055,0.03840065397580871,0.041884978049733276,0.04546529636129638,0.04913403967499318,0.05288643329293861,0.05672102826212246,0.0606401924334489,0.064650569422168,0.06876351921060106,0.07299555956706084,0.07736883270059502,0.08191162681334316,0.08665898774784046,0.0916534621685635,0.09694602120492417,0.1025972229047429,0.1086786840759556,0.11527494824949393,0.12248585803167979,0.13042956895133626,0.13924638062052855,0.14910361311897827,0.16020182679000658,0.17278277877272552,0.18713963892295235,0.20363016444391546,0.22269377521957637,0.24487380718714102,0.27084668747964386,0.3014604281355492,0.3377857561098367,0.3811845055583866,0.4334017709151522,0.4966910205734174,0.5739852992796776,0.6691334074941494,0.787228464470135,0.935068970452151,1.1218116149954591,1.3595291491442247,1.657502157300052,2.0177232498645004,2.4339770089116115,2.887514556455096,3.34341425907394,3.750361356583582,4.066627970572621,4.284217777838955,4.409674378188893,4.4592468001740695,4.455111961479332,4.421979363224807,4.3744101422625725,4.301749335090053,4.190829211707022,4.03079337540478,3.814373978449615,3.539196018674854,3.2108973103894107,2.8534186218887596,2.493112856162114,2.1497053299927362,1.8361140423317084,1.559291352436436,1.3214718869922568,1.1198167038834708,0.948933883981891,0.8041275978882542,0.681418594699347,0.5774348529032318,0.48931891782978415,0.41464937930623313,0.3513743317376785,0.2977549881074768,0.25231789842028673,0.21381445955911252,0.18118660389444524,0.1535377237746012,0.1301080329074395,0.11025368756862917,0.09342909389098779,0.07917191504236545,0.06709036629199466,0.056852448835997375,0.04817682652949492,0.040825094819547145,0.03459522943057762,0.02931603477332915,0.024842439520618435,0.021051510073151085,0.017839072366148546,0.015116849184636665,0.012810034321329886,0.01085523691540312,0.009198739482947573,0.007795021770097976
0.022810613652065836,0.02564550749642559,0.028634897128055992,0.03176644131200394,0.03502746586670746,0.03840561247241079,0.04188949291620403,0.045469329420645146,0.04913756614381366,0.05288944224082643,0.056723522673916664,0.06064218893035825,0.064652097711045,0.06876462133865234,0.07299628906264971,0.07736925368031967,0.08191181313208791,0.0866590222632159,0.0916534361849208,0.09694603415607402,0.10259738232942386,0.10867910593676611,0.11527575764498074,0.12248719035324197,0.1304315715417798,0.13924921500002835,0.1491074578570827,0.16020688111941664,0.17278926706196282,0.18714781615070206,0.2036403228470381,0.2227062523182501,0.2448889954213257,0.2708650457153232,0.301482495306675,0.337812167234033,0.3812160102692064,0.43343925443550346,0.4967355266194169,0.5740380535708928,0.6691958390829539,0.7873022195276028,0.9351559086762843,1.1219137711020462,1.359648609554279,1.6576404982207487,2.01788071912077,2.4341517851806063,2.887702112800018,3.343607122086393,3.750549603626456,4.066801123672447,4.284366845896645,4.4097925031107525,4.4593293153733065,4.455156026403862,4.4219833164880695,4.374373162525765,4.301672285843826,4.190715193358705,4.030647991583595,3.8142052904549453,3.5390140939755494,3.210713082916994,2.8532410880963646,2.4929479781786723,2.149556298697119,1.8359818398220764,1.5591753999403755,1.3213706484401542,1.1197284025914351,0.9488569290153654,0.804060582599137,0.6813602775294639,0.5773841397551502,0.48927484597365434,0.4146111027643756,0.35134110807067326,0.29772616651435885,0.25229290905949275,0.21379280399471248,0.18116784657290297,0.15352148444002228,0.1300939798673586,0.11024153172737688,0.09341858347318922,0.07916283093488614,0.06708251793845604,0.056845670623688484,0.0481709746140047,0.04082004433766183,0.03459087205688885,0.02931227658055481,0.024839199107841773,0.021048716930035554,0.01783666544469597,0.01511477565323854,0.012808248478735015,0.010853699244809355,0.009197415828741765,0.007793882621839263
0.02280890090776181,0.025643855469459145,0.02863332991682567,0.031764980474792995,0.035026129635551954,0.038404415100461664,0.04188844417719962,0.04546843426846857,0.049136824529919534,0.05288884907829945,0.05672306792947863,0.06064185782009832,0.06465187097202652,0.06876447554675308,0.07299619696681066,0.07736918452446041,0.08191173293793604,0.0866588940497735,0.09165322010291771,0.0969456875182462,0.1025968595193784,0.10867835818052318,0.11527473262974261,0.12248583167740645,0.1304298179787436,0.13924699955585876,0.14910470659872638,0.16020351174608957,0.17278518718797176,0.18714292126380666,0.2036344939038438,0.22269935293857412,0.2448808686503139,0.27085551034014005,0.30147134175229967,0.3377991531335989,0.3812008559307557,0.43342163864561556,0.4967150835947534,0.5740143724899653,0.6691684686646223,0.7872706818390867,0.9351197291989671,1.121872536806536,1.3596020775419213,1.65758881235783,2.017824632614255,2.434092781734278,2.88764236977835,3.343549228447092,3.7504960159831247,4.066753733176615,4.2843270724630536,4.40976145712079,4.45930797859943,4.455145431605578,4.421984723977778,4.3743878831906935,4.301700827848082,4.190756985198579,4.03070128437685,3.814267186759389,3.539080750727572,3.210780219040361,2.85330522321342,2.493006886837217,2.1496088727664255,1.8360278377951031,1.5592151718748029,1.3214048882700027,1.1197578671826247,0.9488822784354495,0.8040823866629765,0.6813790279735026,0.5774002607977939,0.4892887034708167,0.41462301214303077,0.3513513412001618,0.2977349576549006,0.252300460009528,0.21379928854307195,0.1811734143481052,0.15352626423701868,0.13009808252157248,0.11024505259673192,0.09342160458084271,0.07916542281842084,0.06708474124522276,0.05684757748671193,0.048172609838274504,0.04082144642263883,0.03459207407758877,0.02931330694656056,0.02484008221698313,0.021049473731208652,0.017837313922331097,0.015115331244222876,0.012808724431123408,0.010854106926380683,0.009197764992354687,0.007794181633586969
